Core_Set,Sampling,Model,Recall,Precision,F1,ROC_AUC,AUC_PR
Top-40,RUS,DecisionTree,0.6666666666666666,0.10606060606060606,0.1830065359477124,0.6319681456200227,0.09300006433764396
Top-40,RUS,LogisticRegression,0.6190476190476191,0.12149532710280374,0.203125,0.6739801722736877,0.14025308927511487
Top-40,SMOTE,LogisticRegression,0.5714285714285714,0.13953488372093023,0.22429906542056074,0.658703071672355,0.16772283135260826
Top-40,SMOTE+Tomek,LogisticRegression,0.5714285714285714,0.13953488372093023,0.22429906542056074,0.658703071672355,0.16772283135260826
Top-40,SMOTE,LinearSVM,0.5714285714285714,0.13636363636363635,0.22018348623853212,0.664878920851617,0.1685961272164849
Top-40,SMOTE+Tomek,LinearSVM,0.5714285714285714,0.13636363636363635,0.22018348623853212,0.664878920851617,0.1685961272164849
Top-40,RUS,LinearSVM,0.5714285714285714,0.11214953271028037,0.1875,0.6652039655452624,0.125977646450621
Top-40,SMOTE,DecisionTree,0.19047619047619047,0.07142857142857142,0.1038961038961039,0.5447749065496506,0.08083865864040016
Top-40,SMOTE+Tomek,DecisionTree,0.19047619047619047,0.07142857142857142,0.1038961038961039,0.5447749065496506,0.08083865864040016
