{
  "top_k": 40,
  "n_selected_features": 40,
  "selected_features": [
    "sensor_042",
    "sensor_575",
    "sensor_367",
    "sensor_414",
    "sensor_332",
    "sensor_561",
    "sensor_175",
    "sensor_416",
    "sensor_501",
    "sensor_068",
    "sensor_574",
    "sensor_449",
    "sensor_154",
    "sensor_286",
    "sensor_486",
    "sensor_407",
    "sensor_172",
    "sensor_426",
    "sensor_292",
    "sensor_585",
    "sensor_011",
    "sensor_103",
    "sensor_524",
    "sensor_299",
    "sensor_065",
    "sensor_280",
    "sensor_097",
    "sensor_041",
    "sensor_342",
    "sensor_434",
    "sensor_052",
    "sensor_078",
    "sensor_211",
    "sensor_171",
    "sensor_413",
    "sensor_015",
    "sensor_338",
    "sensor_291",
    "sensor_368",
    "sensor_541"
  ],
  "mi_scores": {
    "sensor_011": 0.0,
    "sensor_015": 0.008264291114057798,
    "sensor_041": 0.019411053792799393,
    "sensor_042": 0.028128078989774652,
    "sensor_052": 0.0042765293242494895,
    "sensor_060": 0.01277603640772762,
    "sensor_064": 0.008696429990947996,
    "sensor_065": 0.012323032274022871,
    "sensor_068": 0.0009578999100152696,
    "sensor_072": 0.0,
    "sensor_078": 0.0,
    "sensor_097": 0.0,
    "sensor_103": 0.007965277850539909,
    "sensor_104": 0.003065414654362719,
    "sensor_130": 0.005526390621122257,
    "sensor_154": 0.015601350131569047,
    "sensor_171": 0.012036114698556366,
    "sensor_172": 0.005316857179210599,
    "sensor_175": 0.01601599704870771,
    "sensor_211": 0.008419502531175516,
    "sensor_229": 0.003761584677246965,
    "sensor_280": 0.000731605993011808,
    "sensor_286": 0.0,
    "sensor_288": 0.008519642481520595,
    "sensor_291": 0.01184317515322908,
    "sensor_292": 0.002400701578376685,
    "sensor_299": 0.0004906142391187807,
    "sensor_332": 0.024127137219296824,
    "sensor_338": 0.0,
    "sensor_342": 0.007509343326211448,
    "sensor_349": 0.008802137678098898,
    "sensor_353": 4.019223004303463e-05,
    "sensor_367": 0.013538717024586866,
    "sensor_368": 0.0,
    "sensor_407": 0.023115746819271754,
    "sensor_413": 0.018516070073467006,
    "sensor_414": 0.013657103492572098,
    "sensor_416": 0.009298270892504013,
    "sensor_426": 0.009150742575392057,
    "sensor_434": 0.0038832802603456784,
    "sensor_443": 0.0026331973327882174,
    "sensor_449": 0.01436047886829872,
    "sensor_477": 0.0,
    "sensor_486": 0.006118832683952746,
    "sensor_501": 0.015772450319257558,
    "sensor_524": 0.0,
    "sensor_541": 0.016260068983926512,
    "sensor_561": 0.015097074616456041,
    "sensor_574": 0.020304893342603103,
    "sensor_575": 0.02160894270795044,
    "sensor_585": 0.0
  }
}