{
  "model_name": "LightGBM",
  "sampling_method": "SMOTE",
  "hyperparameters": {
    "num_leaves": 28,
    "max_depth": 15,
    "learning_rate": 0.26690431824362526,
    "n_estimators": 252,
    "feature_fraction": 0.6523068845866853,
    "bagging_fraction": 0.5488360570031919,
    "bagging_freq": 5,
    "min_child_samples": 25
  },
  "optimal_threshold": 0.9999653364946316,
  "core_features": [
    "sensor_065",
    "sensor_430",
    "sensor_206",
    "sensor_342",
    "sensor_104",
    "sensor_292",
    "sensor_154",
    "sensor_060",
    "sensor_426",
    "sensor_288",
    "sensor_171",
    "sensor_585",
    "sensor_367",
    "sensor_172",
    "sensor_064",
    "sensor_213",
    "sensor_249",
    "sensor_575",
    "sensor_477",
    "sensor_097",
    "sensor_148",
    "sensor_353",
    "sensor_349",
    "sensor_406",
    "sensor_041",
    "sensor_524",
    "sensor_078",
    "sensor_574",
    "sensor_072",
    "sensor_434",
    "sensor_052",
    "sensor_198",
    "sensor_211",
    "sensor_068",
    "sensor_407",
    "sensor_042",
    "sensor_286",
    "sensor_332",
    "sensor_011"
  ],
  "test_performance": {
    "auc_pr": 0.21498125435248505,
    "recall": 0.0,
    "precision": 0.0,
    "f1_score": 0.0,
    "roc_auc": 0.764505119453925,
    "specificity": 1.0,
    "mcc": 0.0
  },
  "improvement_from_stage_c": {
    "auc_pr": 0.12198119001484115,
    "recall": -0.6666666666666666,
    "f1": -0.1830065359477124
  },
  "improvement_from_stage_d": {
    "auc_pr": -0.08733508001624485,
    "recall": -0.238095238095238,
    "f1": -0.303030303030303
  },
  "train_test_split": "90:10",
  "random_state": 42
}